outcome_id,student_id,internship_id,application_status,feedback_score,completion_status,outcome_date
OUT_00001,STU_0103,INT_0180,dropped,3.9,completed,2024-01-01 00:00:00.000000000
OUT_00002,STU_0103,INT_0122,applied,1.2,ongoing,2024-01-01 10:57:49.336670838
OUT_00003,STU_0100,INT_0104,rejected,1.1,dropped,2024-01-01 21:55:38.673341677
OUT_00004,STU_0492,INT_0158,applied,1.7,completed,2024-01-02 08:53:28.010012515
OUT_00005,STU_0460,INT_0058,selected,2.7,completed,2024-01-02 19:51:17.346683354
OUT_00006,STU_0059,INT_0170,applied,4.9,completed,2024-01-03 06:49:06.683354192
OUT_00007,STU_0446,INT_0175,selected,2.5,dropped,2024-01-03 17:46:56.020025031
OUT_00008,STU_0131,INT_0051,rejected,2.8,completed,2024-01-04 04:44:45.356695869
OUT_00009,STU_0089,INT_0060,selected,2.5,completed,2024-01-04 15:42:34.693366708
OUT_00010,STU_0386,INT_0084,applied,3.7,completed,2024-01-05 02:40:24.030037546
OUT_00011,STU_0264,INT_0175,applied,2.6,completed,2024-01-05 13:38:13.366708385
OUT_00012,STU_0388,INT_0002,shortlisted,1.8,completed,2024-01-06 00:36:02.703379224
OUT_00013,STU_0477,INT_0191,rejected,2.8,completed,2024-01-06 11:33:52.040050062
OUT_00014,STU_0484,INT_0014,rejected,2.3,completed,2024-01-06 22:31:41.376720901
OUT_00015,STU_0252,INT_0190,shortlisted,2.6,completed,2024-01-07 09:29:30.713391739
OUT_00016,STU_0053,INT_0024,shortlisted,2.1,completed,2024-01-07 20:27:20.050062578
OUT_00017,STU_0041,INT_0157,rejected,1.3,dropped,2024-01-08 07:25:09.386733416
OUT_00018,STU_0344,INT_0129,applied,1.0,ongoing,2024-01-08 18:22:58.723404255
OUT_00019,STU_0081,INT_0136,rejected,4.1,completed,2024-01-09 05:20:48.060075093
OUT_00020,STU_0231,INT_0041,dropped,4.4,completed,2024-01-09 16:18:37.396745932
OUT_00021,STU_0033,INT_0048,shortlisted,3.7,completed,2024-01-10 03:16:26.733416771
OUT_00022,STU_0172,INT_0104,applied,3.2,completed,2024-01-10 14:14:16.070087609
OUT_00023,STU_0431,INT_0131,rejected,3.2,ongoing,2024-01-11 01:12:05.406758448
OUT_00024,STU_0359,INT_0027,selected,2.7,completed,2024-01-11 12:09:54.743429286
OUT_00025,STU_0461,INT_0179,applied,3.5,completed,2024-01-11 23:07:44.080100125
OUT_00026,STU_0096,INT_0132,dropped,2.0,completed,2024-01-12 10:05:33.416770963
OUT_00027,STU_0171,INT_0029,applied,1.3,completed,2024-01-12 21:03:22.753441802
OUT_00028,STU_0086,INT_0028,dropped,4.2,completed,2024-01-13 08:01:12.090112640
OUT_00029,STU_0134,INT_0028,rejected,1.7,ongoing,2024-01-13 18:59:01.426783479
OUT_00030,STU_0331,INT_0128,rejected,4.6,completed,2024-01-14 05:56:50.763454317
OUT_00031,STU_0225,INT_0129,applied,2.7,ongoing,2024-01-14 16:54:40.100125156
OUT_00032,STU_0233,INT_0003,applied,3.0,completed,2024-01-15 03:52:29.436795995
OUT_00033,STU_0165,INT_0051,applied,2.0,completed,2024-01-15 14:50:18.773466833
OUT_00034,STU_0160,INT_0096,selected,2.6,completed,2024-01-16 01:48:08.110137672
OUT_00035,STU_0442,INT_0052,applied,3.8,ongoing,2024-01-16 12:45:57.446808510
OUT_00036,STU_0101,INT_0113,dropped,2.1,dropped,2024-01-16 23:43:46.783479349
OUT_00037,STU_0220,INT_0054,applied,2.4,completed,2024-01-17 10:41:36.120150187
OUT_00038,STU_0126,INT_0130,selected,2.8,completed,2024-01-17 21:39:25.456821026
OUT_00039,STU_0247,INT_0068,applied,2.5,completed,2024-01-18 08:37:14.793491864
OUT_00040,STU_0294,INT_0024,shortlisted,4.9,completed,2024-01-18 19:35:04.130162703
OUT_00041,STU_0240,INT_0144,rejected,2.3,completed,2024-01-19 06:32:53.466833542
OUT_00042,STU_0349,INT_0003,selected,3.7,completed,2024-01-19 17:30:42.803504380
OUT_00043,STU_0451,INT_0147,shortlisted,1.4,dropped,2024-01-20 04:28:32.140175219
OUT_00044,STU_0424,INT_0128,selected,4.4,completed,2024-01-20 15:26:21.476846057
OUT_00045,STU_0441,INT_0178,dropped,4.5,completed,2024-01-21 02:24:10.813516896
OUT_00046,STU_0252,INT_0144,rejected,3.2,completed,2024-01-21 13:22:00.150187734
OUT_00047,STU_0002,INT_0129,applied,4.6,dropped,2024-01-22 00:19:49.486858573
OUT_00048,STU_0009,INT_0099,rejected,4.4,ongoing,2024-01-22 11:17:38.823529411
OUT_00049,STU_0054,INT_0120,rejected,4.4,dropped,2024-01-22 22:15:28.160200250
OUT_00050,STU_0420,INT_0166,rejected,3.3,completed,2024-01-23 09:13:17.496871088
OUT_00051,STU_0473,INT_0099,dropped,2.1,completed,2024-01-23 20:11:06.833541927
OUT_00052,STU_0194,INT_0054,shortlisted,5.0,completed,2024-01-24 07:08:56.170212766
OUT_00053,STU_0068,INT_0033,shortlisted,1.7,completed,2024-01-24 18:06:45.506883604
OUT_00054,STU_0392,INT_0135,rejected,2.2,completed,2024-01-25 05:04:34.843554443
OUT_00055,STU_0443,INT_0115,selected,2.0,completed,2024-01-25 16:02:24.180225281
OUT_00056,STU_0230,INT_0109,shortlisted,4.6,completed,2024-01-26 03:00:13.516896120
OUT_00057,STU_0277,INT_0030,selected,3.7,ongoing,2024-01-26 13:58:02.853566958
OUT_00058,STU_0317,INT_0048,applied,1.1,completed,2024-01-27 00:55:52.190237797
OUT_00059,STU_0017,INT_0172,dropped,4.8,dropped,2024-01-27 11:53:41.526908635
OUT_00060,STU_0099,INT_0124,applied,4.7,completed,2024-01-27 22:51:30.863579474
OUT_00061,STU_0181,INT_0095,dropped,4.4,completed,2024-01-28 09:49:20.200250313
OUT_00062,STU_0469,INT_0160,rejected,2.3,completed,2024-01-28 20:47:09.536921151
OUT_00063,STU_0281,INT_0054,rejected,3.3,completed,2024-01-29 07:44:58.873591990
OUT_00064,STU_0288,INT_0175,dropped,1.6,completed,2024-01-29 18:42:48.210262828
OUT_00065,STU_0386,INT_0017,rejected,1.5,ongoing,2024-01-30 05:40:37.546933667
OUT_00066,STU_0039,INT_0170,rejected,4.2,ongoing,2024-01-30 16:38:26.883604505
OUT_00067,STU_0013,INT_0060,selected,3.0,ongoing,2024-01-31 03:36:16.220275344
OUT_00068,STU_0321,INT_0008,rejected,4.2,ongoing,2024-01-31 14:34:05.556946182
OUT_00069,STU_0471,INT_0143,shortlisted,1.4,completed,2024-02-01 01:31:54.893617021
OUT_00070,STU_0342,INT_0051,shortlisted,3.2,completed,2024-02-01 12:29:44.230287859
OUT_00071,STU_0314,INT_0058,applied,1.1,ongoing,2024-02-01 23:27:33.566958698
OUT_00072,STU_0054,INT_0188,shortlisted,4.3,completed,2024-02-02 10:25:22.903629537
OUT_00073,STU_0108,INT_0005,shortlisted,4.4,completed,2024-02-02 21:23:12.240300375
OUT_00074,STU_0350,INT_0047,rejected,1.6,completed,2024-02-03 08:21:01.576971214
OUT_00075,STU_0370,INT_0124,rejected,1.2,completed,2024-02-03 19:18:50.913642052
OUT_00076,STU_0275,INT_0092,rejected,2.0,completed,2024-02-04 06:16:40.250312891
OUT_00077,STU_0318,INT_0023,shortlisted,3.8,completed,2024-02-04 17:14:29.586983729
OUT_00078,STU_0122,INT_0001,shortlisted,2.0,completed,2024-02-05 04:12:18.923654568
OUT_00079,STU_0089,INT_0117,selected,3.1,completed,2024-02-05 15:10:08.260325406
OUT_00080,STU_0069,INT_0022,rejected,1.2,completed,2024-02-06 02:07:57.596996245
OUT_00081,STU_0435,INT_0086,applied,1.5,completed,2024-02-06 13:05:46.933667084
OUT_00082,STU_0497,INT_0094,rejected,3.8,completed,2024-02-07 00:03:36.270337922
OUT_00083,STU_0218,INT_0176,rejected,2.4,completed,2024-02-07 11:01:25.607008761
OUT_00084,STU_0357,INT_0023,applied,4.8,ongoing,2024-02-07 21:59:14.943679599
OUT_00085,STU_0180,INT_0138,selected,3.0,ongoing,2024-02-08 08:57:04.280350438
OUT_00086,STU_0325,INT_0004,selected,4.8,dropped,2024-02-08 19:54:53.617021276
OUT_00087,STU_0476,INT_0128,selected,4.2,completed,2024-02-09 06:52:42.953692115
OUT_00088,STU_0163,INT_0124,applied,4.2,ongoing,2024-02-09 17:50:32.290362953
OUT_00089,STU_0268,INT_0067,rejected,3.6,completed,2024-02-10 04:48:21.627033792
OUT_00090,STU_0285,INT_0141,applied,2.5,completed,2024-02-10 15:46:10.963704630
OUT_00091,STU_0242,INT_0035,shortlisted,3.6,completed,2024-02-11 02:44:00.300375469
OUT_00092,STU_0458,INT_0090,shortlisted,2.0,completed,2024-02-11 13:41:49.637046308
OUT_00093,STU_0314,INT_0114,selected,4.5,ongoing,2024-02-12 00:39:38.973717146
OUT_00094,STU_0277,INT_0164,applied,4.0,ongoing,2024-02-12 11:37:28.310387985
OUT_00095,STU_0177,INT_0099,shortlisted,2.5,ongoing,2024-02-12 22:35:17.647058823
OUT_00096,STU_0152,INT_0151,dropped,4.4,completed,2024-02-13 09:33:06.983729662
OUT_00097,STU_0013,INT_0023,rejected,1.4,dropped,2024-02-13 20:30:56.320400500
OUT_00098,STU_0062,INT_0084,rejected,2.3,ongoing,2024-02-14 07:28:45.657071339
OUT_00099,STU_0177,INT_0100,applied,4.6,completed,2024-02-14 18:26:34.993742177
OUT_00100,STU_0455,INT_0028,dropped,4.8,completed,2024-02-15 05:24:24.330413016
OUT_00101,STU_0367,INT_0144,shortlisted,2.2,completed,2024-02-15 16:22:13.667083854
OUT_00102,STU_0379,INT_0053,rejected,4.2,completed,2024-02-16 03:20:03.003754693
OUT_00103,STU_0042,INT_0186,applied,3.2,completed,2024-02-16 14:17:52.340425532
OUT_00104,STU_0215,INT_0075,applied,1.6,ongoing,2024-02-17 01:15:41.677096370
OUT_00105,STU_0492,INT_0145,applied,1.3,ongoing,2024-02-17 12:13:31.013767209
OUT_00106,STU_0170,INT_0137,rejected,3.8,completed,2024-02-17 23:11:20.350438047
OUT_00107,STU_0165,INT_0166,dropped,2.5,completed,2024-02-18 10:09:09.687108886
OUT_00108,STU_0500,INT_0145,dropped,4.9,ongoing,2024-02-18 21:06:59.023779724
OUT_00109,STU_0070,INT_0159,shortlisted,2.5,ongoing,2024-02-19 08:04:48.360450563
OUT_00110,STU_0202,INT_0090,shortlisted,2.7,completed,2024-02-19 19:02:37.697121401
OUT_00111,STU_0242,INT_0126,applied,1.5,completed,2024-02-20 06:00:27.033792240
OUT_00112,STU_0361,INT_0167,rejected,3.3,dropped,2024-02-20 16:58:16.370463078
OUT_00113,STU_0191,INT_0113,applied,3.1,completed,2024-02-21 03:56:05.707133917
OUT_00114,STU_0058,INT_0044,dropped,3.2,completed,2024-02-21 14:53:55.043804756
OUT_00115,STU_0080,INT_0118,dropped,4.7,completed,2024-02-22 01:51:44.380475594
OUT_00116,STU_0147,INT_0020,applied,1.7,completed,2024-02-22 12:49:33.717146433
OUT_00117,STU_0143,INT_0159,dropped,3.8,completed,2024-02-22 23:47:23.053817271
OUT_00118,STU_0471,INT_0185,dropped,4.8,completed,2024-02-23 10:45:12.390488110
OUT_00119,STU_0358,INT_0152,selected,2.1,completed,2024-02-23 21:43:01.727158949
OUT_00120,STU_0090,INT_0136,shortlisted,3.3,completed,2024-02-24 08:40:51.063829787
OUT_00121,STU_0041,INT_0192,shortlisted,1.1,completed,2024-02-24 19:38:40.400500626
OUT_00122,STU_0212,INT_0157,applied,1.3,dropped,2024-02-25 06:36:29.737171464
OUT_00123,STU_0371,INT_0197,selected,2.7,dropped,2024-02-25 17:34:19.073842303
OUT_00124,STU_0242,INT_0109,applied,2.6,ongoing,2024-02-26 04:32:08.410513141
OUT_00125,STU_0146,INT_0177,shortlisted,4.0,completed,2024-02-26 15:29:57.747183980
OUT_00126,STU_0315,INT_0027,selected,1.3,completed,2024-02-27 02:27:47.083854818
OUT_00127,STU_0385,INT_0149,applied,4.5,ongoing,2024-02-27 13:25:36.420525657
OUT_00128,STU_0351,INT_0133,dropped,3.2,ongoing,2024-02-28 00:23:25.757196495
OUT_00129,STU_0165,INT_0083,applied,2.8,completed,2024-02-28 11:21:15.093867334
OUT_00130,STU_0051,INT_0173,selected,1.9,completed,2024-02-28 22:19:04.430538173
OUT_00131,STU_0288,INT_0034,shortlisted,1.5,completed,2024-02-29 09:16:53.767209011
OUT_00132,STU_0162,INT_0182,rejected,3.1,ongoing,2024-02-29 20:14:43.103879850
OUT_00133,STU_0054,INT_0133,applied,4.2,completed,2024-03-01 07:12:32.440550688
OUT_00134,STU_0255,INT_0047,shortlisted,4.1,completed,2024-03-01 18:10:21.777221527
OUT_00135,STU_0075,INT_0179,dropped,3.5,dropped,2024-03-02 05:08:11.113892365
OUT_00136,STU_0306,INT_0098,selected,3.2,completed,2024-03-02 16:06:00.450563204
OUT_00137,STU_0482,INT_0052,selected,2.8,dropped,2024-03-03 03:03:49.787234042
OUT_00138,STU_0030,INT_0106,rejected,4.8,completed,2024-03-03 14:01:39.123904881
OUT_00139,STU_0184,INT_0145,shortlisted,2.0,completed,2024-03-04 00:59:28.460575719
OUT_00140,STU_0034,INT_0006,shortlisted,2.3,completed,2024-03-04 11:57:17.797246558
OUT_00141,STU_0240,INT_0115,selected,2.8,completed,2024-03-04 22:55:07.133917397
OUT_00142,STU_0459,INT_0118,rejected,1.7,completed,2024-03-05 09:52:56.470588235
OUT_00143,STU_0281,INT_0195,rejected,3.1,dropped,2024-03-05 20:50:45.807259074
OUT_00144,STU_0061,INT_0122,applied,4.3,completed,2024-03-06 07:48:35.143929912
OUT_00145,STU_0170,INT_0061,applied,3.2,completed,2024-03-06 18:46:24.480600751
OUT_00146,STU_0012,INT_0090,rejected,1.5,completed,2024-03-07 05:44:13.817271589
OUT_00147,STU_0411,INT_0073,applied,2.9,completed,2024-03-07 16:42:03.153942428
OUT_00148,STU_0056,INT_0094,applied,2.5,completed,2024-03-08 03:39:52.490613266
OUT_00149,STU_0292,INT_0001,applied,3.4,dropped,2024-03-08 14:37:41.827284105
OUT_00150,STU_0303,INT_0127,dropped,1.9,ongoing,2024-03-09 01:35:31.163954943
OUT_00151,STU_0078,INT_0130,rejected,1.1,completed,2024-03-09 12:33:20.500625782
OUT_00152,STU_0007,INT_0003,rejected,3.0,completed,2024-03-09 23:31:09.837296621
OUT_00153,STU_0493,INT_0018,shortlisted,3.1,completed,2024-03-10 10:28:59.173967459
OUT_00154,STU_0473,INT_0119,shortlisted,1.1,completed,2024-03-10 21:26:48.510638298
OUT_00155,STU_0231,INT_0086,shortlisted,1.5,ongoing,2024-03-11 08:24:37.847309136
OUT_00156,STU_0212,INT_0025,rejected,4.2,completed,2024-03-11 19:22:27.183979975
OUT_00157,STU_0111,INT_0111,rejected,3.2,completed,2024-03-12 06:20:16.520650813
OUT_00158,STU_0236,INT_0083,shortlisted,2.3,ongoing,2024-03-12 17:18:05.857321652
OUT_00159,STU_0320,INT_0187,shortlisted,4.9,completed,2024-03-13 04:15:55.193992490
OUT_00160,STU_0289,INT_0181,applied,1.6,completed,2024-03-13 15:13:44.530663329
OUT_00161,STU_0004,INT_0094,applied,2.1,completed,2024-03-14 02:11:33.867334168
OUT_00162,STU_0311,INT_0137,applied,3.1,completed,2024-03-14 13:09:23.204005006
OUT_00163,STU_0036,INT_0152,applied,2.6,dropped,2024-03-15 00:07:12.540675845
OUT_00164,STU_0004,INT_0079,rejected,2.0,completed,2024-03-15 11:05:01.877346683
OUT_00165,STU_0435,INT_0062,dropped,3.2,completed,2024-03-15 22:02:51.214017522
OUT_00166,STU_0435,INT_0173,rejected,1.7,completed,2024-03-16 09:00:40.550688360
OUT_00167,STU_0275,INT_0020,applied,1.5,completed,2024-03-16 19:58:29.887359199
OUT_00168,STU_0320,INT_0038,selected,1.6,completed,2024-03-17 06:56:19.224030037
OUT_00169,STU_0491,INT_0003,applied,2.3,completed,2024-03-17 17:54:08.560700876
OUT_00170,STU_0407,INT_0138,dropped,2.3,ongoing,2024-03-18 04:51:57.897371714
OUT_00171,STU_0321,INT_0063,rejected,4.0,completed,2024-03-18 15:49:47.234042553
OUT_00172,STU_0408,INT_0038,shortlisted,2.4,dropped,2024-03-19 02:47:36.570713392
OUT_00173,STU_0318,INT_0188,dropped,1.5,ongoing,2024-03-19 13:45:25.907384230
OUT_00174,STU_0137,INT_0162,applied,1.3,ongoing,2024-03-20 00:43:15.244055069
OUT_00175,STU_0406,INT_0060,rejected,1.6,ongoing,2024-03-20 11:41:04.580725907
OUT_00176,STU_0270,INT_0060,applied,1.7,ongoing,2024-03-20 22:38:53.917396746
OUT_00177,STU_0379,INT_0078,selected,2.4,ongoing,2024-03-21 09:36:43.254067584
OUT_00178,STU_0089,INT_0146,rejected,2.8,completed,2024-03-21 20:34:32.590738423
OUT_00179,STU_0179,INT_0125,shortlisted,4.0,completed,2024-03-22 07:32:21.927409261
OUT_00180,STU_0153,INT_0145,rejected,2.5,completed,2024-03-22 18:30:11.264080100
OUT_00181,STU_0104,INT_0104,selected,1.5,dropped,2024-03-23 05:28:00.600750938
OUT_00182,STU_0391,INT_0179,shortlisted,1.6,ongoing,2024-03-23 16:25:49.937421777
OUT_00183,STU_0157,INT_0033,selected,4.6,ongoing,2024-03-24 03:23:39.274092616
OUT_00184,STU_0038,INT_0185,shortlisted,2.0,ongoing,2024-03-24 14:21:28.610763454
OUT_00185,STU_0254,INT_0196,selected,4.0,ongoing,2024-03-25 01:19:17.947434293
OUT_00186,STU_0353,INT_0118,rejected,1.4,ongoing,2024-03-25 12:17:07.284105131
OUT_00187,STU_0216,INT_0180,shortlisted,4.2,completed,2024-03-25 23:14:56.620775970
OUT_00188,STU_0047,INT_0068,rejected,3.9,completed,2024-03-26 10:12:45.957446808
OUT_00189,STU_0243,INT_0164,selected,2.0,completed,2024-03-26 21:10:35.294117647
OUT_00190,STU_0011,INT_0074,shortlisted,1.9,completed,2024-03-27 08:08:24.630788485
OUT_00191,STU_0346,INT_0046,selected,4.6,completed,2024-03-27 19:06:13.967459324
OUT_00192,STU_0210,INT_0111,rejected,3.4,completed,2024-03-28 06:04:03.304130162
OUT_00193,STU_0496,INT_0068,rejected,1.1,completed,2024-03-28 17:01:52.640801001
OUT_00194,STU_0497,INT_0092,shortlisted,1.3,completed,2024-03-29 03:59:41.977471840
OUT_00195,STU_0462,INT_0040,rejected,4.6,completed,2024-03-29 14:57:31.314142678
OUT_00196,STU_0101,INT_0149,applied,1.7,ongoing,2024-03-30 01:55:20.650813517
OUT_00197,STU_0001,INT_0063,shortlisted,1.9,completed,2024-03-30 12:53:09.987484355
OUT_00198,STU_0431,INT_0053,shortlisted,4.2,completed,2024-03-30 23:50:59.324155194
OUT_00199,STU_0425,INT_0035,shortlisted,3.1,dropped,2024-03-31 10:48:48.660826032
OUT_00200,STU_0386,INT_0135,shortlisted,4.0,completed,2024-03-31 21:46:37.997496871
OUT_00201,STU_0427,INT_0187,shortlisted,1.6,completed,2024-04-01 08:44:27.334167709
OUT_00202,STU_0455,INT_0180,shortlisted,4.7,completed,2024-04-01 19:42:16.670838548
OUT_00203,STU_0063,INT_0150,applied,1.9,completed,2024-04-02 06:40:06.007509386
OUT_00204,STU_0337,INT_0084,shortlisted,3.2,ongoing,2024-04-02 17:37:55.344180225
OUT_00205,STU_0063,INT_0189,applied,2.2,completed,2024-04-03 04:35:44.680851064
OUT_00206,STU_0478,INT_0179,applied,4.6,completed,2024-04-03 15:33:34.017521902
OUT_00207,STU_0285,INT_0049,applied,2.9,completed,2024-04-04 02:31:23.354192741
OUT_00208,STU_0018,INT_0001,rejected,2.8,completed,2024-04-04 13:29:12.690863579
OUT_00209,STU_0476,INT_0113,shortlisted,3.2,completed,2024-04-05 00:27:02.027534418
OUT_00210,STU_0385,INT_0008,rejected,4.8,completed,2024-04-05 11:24:51.364205256
OUT_00211,STU_0458,INT_0110,selected,4.2,dropped,2024-04-05 22:22:40.700876095
OUT_00212,STU_0288,INT_0178,rejected,2.6,completed,2024-04-06 09:20:30.037546933
OUT_00213,STU_0323,INT_0187,selected,3.4,completed,2024-04-06 20:18:19.374217772
OUT_00214,STU_0229,INT_0067,rejected,3.2,ongoing,2024-04-07 07:16:08.710888610
OUT_00215,STU_0291,INT_0096,dropped,3.4,ongoing,2024-04-07 18:13:58.047559449
OUT_00216,STU_0400,INT_0196,dropped,1.6,completed,2024-04-08 05:11:47.384230288
OUT_00217,STU_0311,INT_0176,applied,3.5,ongoing,2024-04-08 16:09:36.720901126
OUT_00218,STU_0085,INT_0147,applied,4.5,completed,2024-04-09 03:07:26.057571965
OUT_00219,STU_0082,INT_0002,dropped,3.5,completed,2024-04-09 14:05:15.394242803
OUT_00220,STU_0386,INT_0195,selected,2.1,completed,2024-04-10 01:03:04.730913642
OUT_00221,STU_0422,INT_0137,shortlisted,2.2,dropped,2024-04-10 12:00:54.067584480
OUT_00222,STU_0342,INT_0108,applied,4.5,completed,2024-04-10 22:58:43.404255319
OUT_00223,STU_0494,INT_0128,applied,2.9,completed,2024-04-11 09:56:32.740926157
OUT_00224,STU_0009,INT_0040,rejected,2.6,completed,2024-04-11 20:54:22.077596996
OUT_00225,STU_0278,INT_0004,applied,4.6,completed,2024-04-12 07:52:11.414267834
OUT_00226,STU_0293,INT_0075,rejected,3.1,ongoing,2024-04-12 18:50:00.750938673
OUT_00227,STU_0041,INT_0166,applied,2.6,completed,2024-04-13 05:47:50.087609512
OUT_00228,STU_0076,INT_0087,applied,1.6,completed,2024-04-13 16:45:39.424280350
OUT_00229,STU_0287,INT_0134,rejected,2.0,completed,2024-04-14 03:43:28.760951189
OUT_00230,STU_0309,INT_0199,selected,4.4,completed,2024-04-14 14:41:18.097622028
OUT_00231,STU_0190,INT_0122,shortlisted,2.4,dropped,2024-04-15 01:39:07.434292866
OUT_00232,STU_0193,INT_0051,applied,4.1,completed,2024-04-15 12:36:56.770963704
OUT_00233,STU_0267,INT_0040,shortlisted,4.7,ongoing,2024-04-15 23:34:46.107634542
OUT_00234,STU_0232,INT_0054,shortlisted,3.7,dropped,2024-04-16 10:32:35.444305382
OUT_00235,STU_0069,INT_0056,applied,1.1,completed,2024-04-16 21:30:24.780976220
OUT_00236,STU_0227,INT_0081,shortlisted,3.4,completed,2024-04-17 08:28:14.117647058
OUT_00237,STU_0154,INT_0194,applied,1.3,ongoing,2024-04-17 19:26:03.454317898
OUT_00238,STU_0217,INT_0061,rejected,2.7,completed,2024-04-18 06:23:52.790988736
OUT_00239,STU_0131,INT_0108,rejected,2.1,completed,2024-04-18 17:21:42.127659574
OUT_00240,STU_0275,INT_0101,applied,4.7,completed,2024-04-19 04:19:31.464330412
OUT_00241,STU_0330,INT_0057,shortlisted,1.7,completed,2024-04-19 15:17:20.801001252
OUT_00242,STU_0216,INT_0083,rejected,4.2,completed,2024-04-20 02:15:10.137672090
OUT_00243,STU_0374,INT_0198,dropped,4.6,completed,2024-04-20 13:12:59.474342928
OUT_00244,STU_0059,INT_0154,applied,3.7,completed,2024-04-21 00:10:48.811013766
OUT_00245,STU_0016,INT_0199,dropped,3.2,completed,2024-04-21 11:08:38.147684606
OUT_00246,STU_0391,INT_0014,applied,3.9,completed,2024-04-21 22:06:27.484355444
OUT_00247,STU_0328,INT_0059,dropped,2.9,ongoing,2024-04-22 09:04:16.821026282
OUT_00248,STU_0423,INT_0146,selected,3.6,completed,2024-04-22 20:02:06.157697122
OUT_00249,STU_0152,INT_0108,applied,1.3,completed,2024-04-23 06:59:55.494367960
OUT_00250,STU_0424,INT_0183,shortlisted,3.3,ongoing,2024-04-23 17:57:44.831038798
OUT_00251,STU_0004,INT_0093,rejected,4.0,completed,2024-04-24 04:55:34.167709636
OUT_00252,STU_0493,INT_0170,rejected,2.7,completed,2024-04-24 15:53:23.504380476
OUT_00253,STU_0034,INT_0158,applied,1.7,completed,2024-04-25 02:51:12.841051314
OUT_00254,STU_0096,INT_0123,dropped,2.4,ongoing,2024-04-25 13:49:02.177722152
OUT_00255,STU_0477,INT_0062,shortlisted,3.5,ongoing,2024-04-26 00:46:51.514392990
OUT_00256,STU_0239,INT_0121,rejected,2.7,completed,2024-04-26 11:44:40.851063830
OUT_00257,STU_0389,INT_0065,applied,1.4,completed,2024-04-26 22:42:30.187734668
OUT_00258,STU_0158,INT_0068,rejected,3.4,completed,2024-04-27 09:40:19.524405506
OUT_00259,STU_0437,INT_0073,applied,2.6,completed,2024-04-27 20:38:08.861076346
OUT_00260,STU_0187,INT_0037,rejected,1.4,completed,2024-04-28 07:35:58.197747184
OUT_00261,STU_0440,INT_0063,dropped,2.9,completed,2024-04-28 18:33:47.534418022
OUT_00262,STU_0153,INT_0199,dropped,1.9,dropped,2024-04-29 05:31:36.871088860
OUT_00263,STU_0063,INT_0054,selected,3.1,completed,2024-04-29 16:29:26.207759700
OUT_00264,STU_0226,INT_0057,applied,1.7,ongoing,2024-04-30 03:27:15.544430538
OUT_00265,STU_0262,INT_0005,applied,4.9,ongoing,2024-04-30 14:25:04.881101376
OUT_00266,STU_0099,INT_0020,dropped,1.7,completed,2024-05-01 01:22:54.217772214
OUT_00267,STU_0178,INT_0082,rejected,1.6,ongoing,2024-05-01 12:20:43.554443054
OUT_00268,STU_0486,INT_0013,applied,3.1,completed,2024-05-01 23:18:32.891113892
OUT_00269,STU_0398,INT_0101,applied,4.5,completed,2024-05-02 10:16:22.227784730
OUT_00270,STU_0476,INT_0029,rejected,4.8,ongoing,2024-05-02 21:14:11.564455570
OUT_00271,STU_0009,INT_0040,dropped,3.9,completed,2024-05-03 08:12:00.901126408
OUT_00272,STU_0124,INT_0038,applied,3.9,completed,2024-05-03 19:09:50.237797246
OUT_00273,STU_0454,INT_0037,applied,3.7,completed,2024-05-04 06:07:39.574468084
OUT_00274,STU_0081,INT_0114,shortlisted,2.9,completed,2024-05-04 17:05:28.911138924
OUT_00275,STU_0186,INT_0067,shortlisted,3.7,completed,2024-05-05 04:03:18.247809762
OUT_00276,STU_0237,INT_0033,rejected,4.2,completed,2024-05-05 15:01:07.584480600
OUT_00277,STU_0353,INT_0059,rejected,3.8,ongoing,2024-05-06 01:58:56.921151438
OUT_00278,STU_0345,INT_0181,rejected,3.5,ongoing,2024-05-06 12:56:46.257822278
OUT_00279,STU_0007,INT_0133,rejected,4.5,completed,2024-05-06 23:54:35.594493116
OUT_00280,STU_0023,INT_0170,applied,2.3,ongoing,2024-05-07 10:52:24.931163954
OUT_00281,STU_0415,INT_0082,rejected,4.3,completed,2024-05-07 21:50:14.267834794
OUT_00282,STU_0295,INT_0194,applied,3.5,dropped,2024-05-08 08:48:03.604505632
OUT_00283,STU_0017,INT_0104,applied,3.5,completed,2024-05-08 19:45:52.941176470
OUT_00284,STU_0163,INT_0070,applied,1.1,completed,2024-05-09 06:43:42.277847308
OUT_00285,STU_0482,INT_0063,shortlisted,1.7,ongoing,2024-05-09 17:41:31.614518148
OUT_00286,STU_0278,INT_0196,applied,4.1,dropped,2024-05-10 04:39:20.951188986
OUT_00287,STU_0192,INT_0017,rejected,3.8,completed,2024-05-10 15:37:10.287859824
OUT_00288,STU_0022,INT_0120,applied,4.5,dropped,2024-05-11 02:34:59.624530662
OUT_00289,STU_0285,INT_0164,selected,3.4,completed,2024-05-11 13:32:48.961201502
OUT_00290,STU_0029,INT_0139,rejected,2.5,ongoing,2024-05-12 00:30:38.297872340
OUT_00291,STU_0459,INT_0058,applied,1.6,completed,2024-05-12 11:28:27.634543178
OUT_00292,STU_0004,INT_0099,shortlisted,1.7,ongoing,2024-05-12 22:26:16.971214018
OUT_00293,STU_0157,INT_0075,applied,1.3,completed,2024-05-13 09:24:06.307884856
OUT_00294,STU_0022,INT_0027,rejected,4.9,completed,2024-05-13 20:21:55.644555694
OUT_00295,STU_0477,INT_0021,dropped,4.4,dropped,2024-05-14 07:19:44.981226532
OUT_00296,STU_0147,INT_0185,shortlisted,2.2,completed,2024-05-14 18:17:34.317897372
OUT_00297,STU_0422,INT_0015,rejected,1.8,ongoing,2024-05-15 05:15:23.654568210
OUT_00298,STU_0280,INT_0012,selected,2.9,completed,2024-05-15 16:13:12.991239048
OUT_00299,STU_0060,INT_0174,applied,1.4,completed,2024-05-16 03:11:02.327909886
OUT_00300,STU_0027,INT_0174,selected,1.1,ongoing,2024-05-16 14:08:51.664580726
OUT_00301,STU_0428,INT_0181,dropped,4.9,completed,2024-05-17 01:06:41.001251564
OUT_00302,STU_0015,INT_0153,applied,3.4,completed,2024-05-17 12:04:30.337922402
OUT_00303,STU_0340,INT_0009,applied,3.0,completed,2024-05-17 23:02:19.674593242
OUT_00304,STU_0117,INT_0130,rejected,2.2,completed,2024-05-18 10:00:09.011264080
OUT_00305,STU_0072,INT_0021,applied,2.6,completed,2024-05-18 20:57:58.347934918
OUT_00306,STU_0095,INT_0166,applied,3.8,ongoing,2024-05-19 07:55:47.684605756
OUT_00307,STU_0102,INT_0169,applied,2.9,completed,2024-05-19 18:53:37.021276596
OUT_00308,STU_0401,INT_0076,dropped,1.6,completed,2024-05-20 05:51:26.357947434
OUT_00309,STU_0086,INT_0092,rejected,3.2,completed,2024-05-20 16:49:15.694618272
OUT_00310,STU_0353,INT_0002,selected,4.5,completed,2024-05-21 03:47:05.031289110
OUT_00311,STU_0077,INT_0116,shortlisted,2.3,dropped,2024-05-21 14:44:54.367959950
OUT_00312,STU_0090,INT_0174,rejected,4.3,completed,2024-05-22 01:42:43.704630788
OUT_00313,STU_0428,INT_0049,dropped,1.5,ongoing,2024-05-22 12:40:33.041301626
OUT_00314,STU_0009,INT_0006,selected,3.5,completed,2024-05-22 23:38:22.377972466
OUT_00315,STU_0204,INT_0008,dropped,3.5,ongoing,2024-05-23 10:36:11.714643304
OUT_00316,STU_0111,INT_0127,applied,4.6,completed,2024-05-23 21:34:01.051314142
OUT_00317,STU_0314,INT_0022,shortlisted,3.6,completed,2024-05-24 08:31:50.387984980
OUT_00318,STU_0362,INT_0014,applied,1.2,completed,2024-05-24 19:29:39.724655820
OUT_00319,STU_0397,INT_0025,rejected,1.9,dropped,2024-05-25 06:27:29.061326658
OUT_00320,STU_0356,INT_0173,applied,4.2,completed,2024-05-25 17:25:18.397997496
OUT_00321,STU_0307,INT_0044,selected,3.9,completed,2024-05-26 04:23:07.734668336
OUT_00322,STU_0352,INT_0056,dropped,3.6,completed,2024-05-26 15:20:57.071339174
OUT_00323,STU_0035,INT_0189,applied,1.1,completed,2024-05-27 02:18:46.408010012
OUT_00324,STU_0332,INT_0049,rejected,3.9,ongoing,2024-05-27 13:16:35.744680850
OUT_00325,STU_0404,INT_0037,shortlisted,2.5,dropped,2024-05-28 00:14:25.081351690
OUT_00326,STU_0152,INT_0050,rejected,3.3,completed,2024-05-28 11:12:14.418022528
OUT_00327,STU_0117,INT_0098,shortlisted,4.5,dropped,2024-05-28 22:10:03.754693366
OUT_00328,STU_0262,INT_0039,applied,3.4,dropped,2024-05-29 09:07:53.091364204
OUT_00329,STU_0268,INT_0131,selected,3.5,ongoing,2024-05-29 20:05:42.428035044
OUT_00330,STU_0355,INT_0026,rejected,4.6,completed,2024-05-30 07:03:31.764705882
OUT_00331,STU_0428,INT_0014,dropped,1.7,ongoing,2024-05-30 18:01:21.101376720
OUT_00332,STU_0493,INT_0041,applied,4.5,completed,2024-05-31 04:59:10.438047560
OUT_00333,STU_0231,INT_0084,selected,1.7,completed,2024-05-31 15:56:59.774718398
OUT_00334,STU_0028,INT_0066,rejected,1.0,completed,2024-06-01 02:54:49.111389236
OUT_00335,STU_0460,INT_0184,shortlisted,1.9,completed,2024-06-01 13:52:38.448060074
OUT_00336,STU_0010,INT_0195,shortlisted,2.3,completed,2024-06-02 00:50:27.784730914
OUT_00337,STU_0332,INT_0094,applied,2.8,completed,2024-06-02 11:48:17.121401752
OUT_00338,STU_0460,INT_0001,applied,2.4,completed,2024-06-02 22:46:06.458072590
OUT_00339,STU_0107,INT_0165,shortlisted,3.1,ongoing,2024-06-03 09:43:55.794743428
OUT_00340,STU_0120,INT_0044,shortlisted,4.5,completed,2024-06-03 20:41:45.131414268
OUT_00341,STU_0251,INT_0189,applied,4.9,completed,2024-06-04 07:39:34.468085106
OUT_00342,STU_0293,INT_0020,applied,3.6,completed,2024-06-04 18:37:23.804755944
OUT_00343,STU_0485,INT_0059,shortlisted,3.0,completed,2024-06-05 05:35:13.141426784
OUT_00344,STU_0490,INT_0020,dropped,4.9,completed,2024-06-05 16:33:02.478097622
OUT_00345,STU_0482,INT_0050,dropped,3.3,completed,2024-06-06 03:30:51.814768460
OUT_00346,STU_0427,INT_0178,shortlisted,3.1,completed,2024-06-06 14:28:41.151439298
OUT_00347,STU_0126,INT_0045,applied,4.8,ongoing,2024-06-07 01:26:30.488110138
OUT_00348,STU_0008,INT_0085,applied,3.7,completed,2024-06-07 12:24:19.824780976
OUT_00349,STU_0005,INT_0086,applied,3.6,dropped,2024-06-07 23:22:09.161451814
OUT_00350,STU_0427,INT_0158,shortlisted,3.5,ongoing,2024-06-08 10:19:58.498122652
OUT_00351,STU_0232,INT_0113,applied,4.7,completed,2024-06-08 21:17:47.834793492
OUT_00352,STU_0289,INT_0001,applied,3.6,completed,2024-06-09 08:15:37.171464330
OUT_00353,STU_0069,INT_0105,applied,3.6,dropped,2024-06-09 19:13:26.508135168
OUT_00354,STU_0454,INT_0063,dropped,2.6,ongoing,2024-06-10 06:11:15.844806008
OUT_00355,STU_0073,INT_0077,applied,1.4,completed,2024-06-10 17:09:05.181476846
OUT_00356,STU_0102,INT_0132,rejected,4.2,ongoing,2024-06-11 04:06:54.518147684
OUT_00357,STU_0489,INT_0023,shortlisted,4.3,completed,2024-06-11 15:04:43.854818522
OUT_00358,STU_0310,INT_0199,applied,2.3,completed,2024-06-12 02:02:33.191489362
OUT_00359,STU_0199,INT_0143,rejected,2.6,completed,2024-06-12 13:00:22.528160200
OUT_00360,STU_0305,INT_0035,applied,1.3,completed,2024-06-12 23:58:11.864831038
OUT_00361,STU_0110,INT_0074,rejected,3.0,completed,2024-06-13 10:56:01.201501876
OUT_00362,STU_0328,INT_0048,rejected,4.7,ongoing,2024-06-13 21:53:50.538172716
OUT_00363,STU_0153,INT_0012,applied,3.1,completed,2024-06-14 08:51:39.874843554
OUT_00364,STU_0228,INT_0015,shortlisted,3.2,ongoing,2024-06-14 19:49:29.211514392
OUT_00365,STU_0364,INT_0123,selected,4.3,completed,2024-06-15 06:47:18.548185232
OUT_00366,STU_0336,INT_0047,applied,4.8,completed,2024-06-15 17:45:07.884856070
OUT_00367,STU_0051,INT_0015,applied,2.9,completed,2024-06-16 04:42:57.221526908
OUT_00368,STU_0334,INT_0125,selected,3.1,completed,2024-06-16 15:40:46.558197746
OUT_00369,STU_0157,INT_0156,selected,2.2,completed,2024-06-17 02:38:35.894868586
OUT_00370,STU_0146,INT_0002,applied,2.7,completed,2024-06-17 13:36:25.231539424
OUT_00371,STU_0459,INT_0007,rejected,1.7,completed,2024-06-18 00:34:14.568210262
OUT_00372,STU_0071,INT_0191,applied,3.3,completed,2024-06-18 11:32:03.904881100
OUT_00373,STU_0036,INT_0084,shortlisted,4.2,completed,2024-06-18 22:29:53.241551940
OUT_00374,STU_0376,INT_0173,selected,4.8,completed,2024-06-19 09:27:42.578222778
OUT_00375,STU_0118,INT_0021,rejected,1.9,completed,2024-06-19 20:25:31.914893616
OUT_00376,STU_0010,INT_0122,shortlisted,4.6,ongoing,2024-06-20 07:23:21.251564456
OUT_00377,STU_0049,INT_0154,applied,2.2,ongoing,2024-06-20 18:21:10.588235294
OUT_00378,STU_0100,INT_0060,rejected,4.2,ongoing,2024-06-21 05:18:59.924906132
OUT_00379,STU_0458,INT_0183,selected,1.7,ongoing,2024-06-21 16:16:49.261576970
OUT_00380,STU_0226,INT_0161,applied,1.4,completed,2024-06-22 03:14:38.598247810
OUT_00381,STU_0143,INT_0163,selected,3.2,completed,2024-06-22 14:12:27.934918648
OUT_00382,STU_0078,INT_0077,selected,3.0,dropped,2024-06-23 01:10:17.271589486
OUT_00383,STU_0291,INT_0007,rejected,2.6,completed,2024-06-23 12:08:06.608260324
OUT_00384,STU_0167,INT_0169,rejected,5.0,completed,2024-06-23 23:05:55.944931164
OUT_00385,STU_0019,INT_0068,rejected,3.3,completed,2024-06-24 10:03:45.281602002
OUT_00386,STU_0494,INT_0036,applied,4.6,completed,2024-06-24 21:01:34.618272840
OUT_00387,STU_0136,INT_0097,applied,2.4,completed,2024-06-25 07:59:23.954943680
OUT_00388,STU_0049,INT_0060,applied,4.2,completed,2024-06-25 18:57:13.291614518
OUT_00389,STU_0149,INT_0008,rejected,3.6,completed,2024-06-26 05:55:02.628285356
OUT_00390,STU_0381,INT_0058,shortlisted,3.7,dropped,2024-06-26 16:52:51.964956194
OUT_00391,STU_0258,INT_0102,selected,3.9,completed,2024-06-27 03:50:41.301627034
OUT_00392,STU_0264,INT_0150,selected,4.8,completed,2024-06-27 14:48:30.638297872
OUT_00393,STU_0287,INT_0047,applied,3.1,completed,2024-06-28 01:46:19.974968710
OUT_00394,STU_0121,INT_0055,rejected,2.4,completed,2024-06-28 12:44:09.311639548
OUT_00395,STU_0468,INT_0003,dropped,1.9,completed,2024-06-28 23:41:58.648310388
OUT_00396,STU_0104,INT_0118,dropped,4.7,completed,2024-06-29 10:39:47.984981226
OUT_00397,STU_0121,INT_0030,selected,3.5,completed,2024-06-29 21:37:37.321652064
OUT_00398,STU_0231,INT_0032,applied,4.3,ongoing,2024-06-30 08:35:26.658322904
OUT_00399,STU_0226,INT_0142,applied,1.9,completed,2024-06-30 19:33:15.994993742
OUT_00400,STU_0361,INT_0085,shortlisted,2.0,completed,2024-07-01 06:31:05.331664580
OUT_00401,STU_0323,INT_0180,applied,4.8,ongoing,2024-07-01 17:28:54.668335418
OUT_00402,STU_0262,INT_0163,rejected,3.3,completed,2024-07-02 04:26:44.005006258
OUT_00403,STU_0244,INT_0012,dropped,1.5,ongoing,2024-07-02 15:24:33.341677096
OUT_00404,STU_0291,INT_0158,rejected,4.5,ongoing,2024-07-03 02:22:22.678347934
OUT_00405,STU_0336,INT_0007,shortlisted,1.3,completed,2024-07-03 13:20:12.015018772
OUT_00406,STU_0066,INT_0091,rejected,2.4,dropped,2024-07-04 00:18:01.351689612
OUT_00407,STU_0256,INT_0010,rejected,1.5,ongoing,2024-07-04 11:15:50.688360450
OUT_00408,STU_0164,INT_0095,shortlisted,3.4,ongoing,2024-07-04 22:13:40.025031288
OUT_00409,STU_0381,INT_0180,selected,2.6,completed,2024-07-05 09:11:29.361702128
OUT_00410,STU_0117,INT_0136,shortlisted,3.0,completed,2024-07-05 20:09:18.698372966
OUT_00411,STU_0173,INT_0188,rejected,1.5,completed,2024-07-06 07:07:08.035043804
OUT_00412,STU_0031,INT_0078,rejected,2.1,ongoing,2024-07-06 18:04:57.371714642
OUT_00413,STU_0160,INT_0093,applied,3.4,completed,2024-07-07 05:02:46.708385482
OUT_00414,STU_0287,INT_0005,rejected,2.8,completed,2024-07-07 16:00:36.045056320
OUT_00415,STU_0267,INT_0178,applied,3.8,dropped,2024-07-08 02:58:25.381727158
OUT_00416,STU_0083,INT_0137,applied,1.5,completed,2024-07-08 13:56:14.718397996
OUT_00417,STU_0371,INT_0007,rejected,1.2,completed,2024-07-09 00:54:04.055068836
OUT_00418,STU_0103,INT_0040,rejected,3.5,completed,2024-07-09 11:51:53.391739674
OUT_00419,STU_0308,INT_0164,selected,2.7,completed,2024-07-09 22:49:42.728410512
OUT_00420,STU_0116,INT_0191,shortlisted,1.8,completed,2024-07-10 09:47:32.065081352
OUT_00421,STU_0092,INT_0014,applied,2.5,dropped,2024-07-10 20:45:21.401752190
OUT_00422,STU_0183,INT_0130,applied,2.7,ongoing,2024-07-11 07:43:10.738423028
OUT_00423,STU_0149,INT_0138,rejected,1.8,completed,2024-07-11 18:41:00.075093866
OUT_00424,STU_0013,INT_0181,rejected,4.8,completed,2024-07-12 05:38:49.411764706
OUT_00425,STU_0483,INT_0188,selected,3.0,completed,2024-07-12 16:36:38.748435544
OUT_00426,STU_0117,INT_0026,applied,4.5,completed,2024-07-13 03:34:28.085106382
OUT_00427,STU_0082,INT_0180,rejected,2.6,dropped,2024-07-13 14:32:17.421777220
OUT_00428,STU_0113,INT_0105,applied,3.6,dropped,2024-07-14 01:30:06.758448060
OUT_00429,STU_0130,INT_0060,applied,2.1,dropped,2024-07-14 12:27:56.095118898
OUT_00430,STU_0444,INT_0021,rejected,3.0,completed,2024-07-14 23:25:45.431789736
OUT_00431,STU_0214,INT_0200,applied,4.6,completed,2024-07-15 10:23:34.768460576
OUT_00432,STU_0173,INT_0069,rejected,3.0,completed,2024-07-15 21:21:24.105131414
OUT_00433,STU_0333,INT_0200,applied,3.9,completed,2024-07-16 08:19:13.441802252
OUT_00434,STU_0408,INT_0152,applied,3.0,completed,2024-07-16 19:17:02.778473090
OUT_00435,STU_0415,INT_0110,dropped,4.9,dropped,2024-07-17 06:14:52.115143930
OUT_00436,STU_0499,INT_0028,shortlisted,2.6,completed,2024-07-17 17:12:41.451814768
OUT_00437,STU_0352,INT_0008,applied,1.1,completed,2024-07-18 04:10:30.788485606
OUT_00438,STU_0220,INT_0081,applied,4.1,completed,2024-07-18 15:08:20.125156444
OUT_00439,STU_0450,INT_0178,applied,2.0,completed,2024-07-19 02:06:09.461827284
OUT_00440,STU_0105,INT_0169,dropped,2.9,ongoing,2024-07-19 13:03:58.798498122
OUT_00441,STU_0266,INT_0149,applied,2.9,completed,2024-07-20 00:01:48.135168960
OUT_00442,STU_0269,INT_0181,dropped,3.1,completed,2024-07-20 10:59:37.471839800
OUT_00443,STU_0226,INT_0011,applied,1.4,completed,2024-07-20 21:57:26.808510638
OUT_00444,STU_0457,INT_0153,shortlisted,3.2,completed,2024-07-21 08:55:16.145181476
OUT_00445,STU_0114,INT_0022,applied,4.7,completed,2024-07-21 19:53:05.481852314
OUT_00446,STU_0435,INT_0174,applied,5.0,completed,2024-07-22 06:50:54.818523154
OUT_00447,STU_0222,INT_0119,rejected,2.0,completed,2024-07-22 17:48:44.155193992
OUT_00448,STU_0149,INT_0141,applied,4.9,ongoing,2024-07-23 04:46:33.491864830
OUT_00449,STU_0238,INT_0135,applied,1.2,completed,2024-07-23 15:44:22.828535668
OUT_00450,STU_0150,INT_0089,dropped,1.2,completed,2024-07-24 02:42:12.165206508
OUT_00451,STU_0029,INT_0180,rejected,1.9,completed,2024-07-24 13:40:01.501877346
OUT_00452,STU_0088,INT_0044,rejected,3.2,completed,2024-07-25 00:37:50.838548184
OUT_00453,STU_0184,INT_0003,applied,3.3,completed,2024-07-25 11:35:40.175219024
OUT_00454,STU_0295,INT_0108,selected,4.0,completed,2024-07-25 22:33:29.511889862
OUT_00455,STU_0362,INT_0186,applied,2.0,ongoing,2024-07-26 09:31:18.848560700
OUT_00456,STU_0449,INT_0132,applied,2.6,ongoing,2024-07-26 20:29:08.185231538
OUT_00457,STU_0491,INT_0010,rejected,4.3,completed,2024-07-27 07:26:57.521902378
OUT_00458,STU_0066,INT_0169,shortlisted,3.2,completed,2024-07-27 18:24:46.858573216
OUT_00459,STU_0234,INT_0090,rejected,4.3,completed,2024-07-28 05:22:36.195244056
OUT_00460,STU_0121,INT_0162,rejected,3.7,ongoing,2024-07-28 16:20:25.531914892
OUT_00461,STU_0223,INT_0070,rejected,5.0,completed,2024-07-29 03:18:14.868585732
OUT_00462,STU_0381,INT_0132,rejected,4.5,completed,2024-07-29 14:16:04.205256572
OUT_00463,STU_0293,INT_0054,rejected,1.0,completed,2024-07-30 01:13:53.541927408
OUT_00464,STU_0260,INT_0188,rejected,1.4,completed,2024-07-30 12:11:42.878598248
OUT_00465,STU_0004,INT_0014,rejected,1.4,completed,2024-07-30 23:09:32.215269084
OUT_00466,STU_0500,INT_0132,applied,2.9,completed,2024-07-31 10:07:21.551939924
OUT_00467,STU_0403,INT_0159,applied,2.3,completed,2024-07-31 21:05:10.888610764
OUT_00468,STU_0211,INT_0150,rejected,4.0,dropped,2024-08-01 08:03:00.225281600
OUT_00469,STU_0117,INT_0159,rejected,3.1,completed,2024-08-01 19:00:49.561952440
OUT_00470,STU_0350,INT_0183,rejected,1.9,completed,2024-08-02 05:58:38.898623280
OUT_00471,STU_0113,INT_0047,dropped,4.7,completed,2024-08-02 16:56:28.235294116
OUT_00472,STU_0401,INT_0198,selected,4.1,completed,2024-08-03 03:54:17.571964956
OUT_00473,STU_0198,INT_0047,rejected,2.5,completed,2024-08-03 14:52:06.908635796
OUT_00474,STU_0400,INT_0069,applied,2.4,completed,2024-08-04 01:49:56.245306632
OUT_00475,STU_0461,INT_0107,applied,4.3,completed,2024-08-04 12:47:45.581977472
OUT_00476,STU_0337,INT_0109,rejected,1.2,ongoing,2024-08-04 23:45:34.918648308
OUT_00477,STU_0410,INT_0069,rejected,1.7,ongoing,2024-08-05 10:43:24.255319148
OUT_00478,STU_0074,INT_0192,shortlisted,1.5,completed,2024-08-05 21:41:13.591989988
OUT_00479,STU_0231,INT_0039,shortlisted,2.7,ongoing,2024-08-06 08:39:02.928660824
OUT_00480,STU_0326,INT_0041,applied,3.4,completed,2024-08-06 19:36:52.265331664
OUT_00481,STU_0031,INT_0084,rejected,4.8,completed,2024-08-07 06:34:41.602002504
OUT_00482,STU_0364,INT_0106,applied,2.0,completed,2024-08-07 17:32:30.938673340
OUT_00483,STU_0220,INT_0014,applied,2.1,ongoing,2024-08-08 04:30:20.275344180
OUT_00484,STU_0106,INT_0070,applied,3.0,completed,2024-08-08 15:28:09.612015020
OUT_00485,STU_0084,INT_0082,dropped,1.6,completed,2024-08-09 02:25:58.948685856
OUT_00486,STU_0417,INT_0007,applied,1.9,ongoing,2024-08-09 13:23:48.285356696
OUT_00487,STU_0203,INT_0148,applied,4.5,completed,2024-08-10 00:21:37.622027532
OUT_00488,STU_0154,INT_0120,applied,3.9,dropped,2024-08-10 11:19:26.958698372
OUT_00489,STU_0082,INT_0069,rejected,1.8,completed,2024-08-10 22:17:16.295369212
OUT_00490,STU_0403,INT_0115,dropped,3.4,completed,2024-08-11 09:15:05.632040048
OUT_00491,STU_0425,INT_0161,applied,1.9,completed,2024-08-11 20:12:54.968710888
OUT_00492,STU_0327,INT_0086,selected,3.1,completed,2024-08-12 07:10:44.305381728
OUT_00493,STU_0354,INT_0028,rejected,1.3,ongoing,2024-08-12 18:08:33.642052564
OUT_00494,STU_0017,INT_0098,applied,2.8,completed,2024-08-13 05:06:22.978723404
OUT_00495,STU_0341,INT_0005,dropped,4.4,completed,2024-08-13 16:04:12.315394244
OUT_00496,STU_0098,INT_0144,shortlisted,3.6,completed,2024-08-14 03:02:01.652065080
OUT_00497,STU_0344,INT_0168,applied,2.4,dropped,2024-08-14 13:59:50.988735920
OUT_00498,STU_0243,INT_0063,shortlisted,2.4,ongoing,2024-08-15 00:57:40.325406756
OUT_00499,STU_0154,INT_0127,rejected,4.0,completed,2024-08-15 11:55:29.662077596
OUT_00500,STU_0232,INT_0079,rejected,4.5,completed,2024-08-15 22:53:18.998748436
OUT_00501,STU_0489,INT_0168,dropped,4.1,completed,2024-08-16 09:51:08.335419272
OUT_00502,STU_0409,INT_0131,dropped,3.2,completed,2024-08-16 20:48:57.672090112
OUT_00503,STU_0262,INT_0167,rejected,4.3,completed,2024-08-17 07:46:47.008760952
OUT_00504,STU_0403,INT_0197,dropped,1.8,completed,2024-08-17 18:44:36.345431788
OUT_00505,STU_0408,INT_0041,selected,3.5,ongoing,2024-08-18 05:42:25.682102628
OUT_00506,STU_0047,INT_0143,dropped,3.1,completed,2024-08-18 16:40:15.018773468
OUT_00507,STU_0468,INT_0198,rejected,2.3,ongoing,2024-08-19 03:38:04.355444304
OUT_00508,STU_0259,INT_0027,applied,4.9,completed,2024-08-19 14:35:53.692115144
OUT_00509,STU_0129,INT_0008,rejected,3.6,completed,2024-08-20 01:33:43.028785980
OUT_00510,STU_0260,INT_0198,dropped,4.4,completed,2024-08-20 12:31:32.365456820
OUT_00511,STU_0395,INT_0046,shortlisted,5.0,completed,2024-08-20 23:29:21.702127660
OUT_00512,STU_0021,INT_0158,selected,1.7,ongoing,2024-08-21 10:27:11.038798496
OUT_00513,STU_0223,INT_0059,applied,1.1,completed,2024-08-21 21:25:00.375469336
OUT_00514,STU_0353,INT_0196,rejected,4.6,completed,2024-08-22 08:22:49.712140176
OUT_00515,STU_0133,INT_0189,shortlisted,2.2,dropped,2024-08-22 19:20:39.048811012
OUT_00516,STU_0134,INT_0060,shortlisted,2.9,ongoing,2024-08-23 06:18:28.385481852
OUT_00517,STU_0364,INT_0131,rejected,3.1,completed,2024-08-23 17:16:17.722152692
OUT_00518,STU_0156,INT_0190,rejected,2.7,dropped,2024-08-24 04:14:07.058823528
OUT_00519,STU_0307,INT_0175,applied,3.5,completed,2024-08-24 15:11:56.395494368
OUT_00520,STU_0384,INT_0150,rejected,4.2,ongoing,2024-08-25 02:09:45.732165204
OUT_00521,STU_0347,INT_0163,applied,4.0,completed,2024-08-25 13:07:35.068836044
OUT_00522,STU_0483,INT_0168,applied,3.7,completed,2024-08-26 00:05:24.405506884
OUT_00523,STU_0148,INT_0124,dropped,1.3,completed,2024-08-26 11:03:13.742177720
OUT_00524,STU_0067,INT_0004,rejected,1.9,completed,2024-08-26 22:01:03.078848560
OUT_00525,STU_0021,INT_0057,shortlisted,3.6,dropped,2024-08-27 08:58:52.415519400
OUT_00526,STU_0460,INT_0145,rejected,4.2,completed,2024-08-27 19:56:41.752190236
OUT_00527,STU_0210,INT_0115,dropped,3.7,completed,2024-08-28 06:54:31.088861076
OUT_00528,STU_0091,INT_0098,shortlisted,2.8,ongoing,2024-08-28 17:52:20.425531916
OUT_00529,STU_0328,INT_0190,shortlisted,4.9,completed,2024-08-29 04:50:09.762202752
OUT_00530,STU_0084,INT_0113,applied,4.0,dropped,2024-08-29 15:47:59.098873592
OUT_00531,STU_0215,INT_0150,rejected,2.2,dropped,2024-08-30 02:45:48.435544428
OUT_00532,STU_0426,INT_0019,rejected,1.1,dropped,2024-08-30 13:43:37.772215268
OUT_00533,STU_0063,INT_0073,shortlisted,4.3,completed,2024-08-31 00:41:27.108886108
OUT_00534,STU_0431,INT_0142,applied,1.5,completed,2024-08-31 11:39:16.445556944
OUT_00535,STU_0465,INT_0030,applied,3.3,completed,2024-08-31 22:37:05.782227784
OUT_00536,STU_0142,INT_0053,applied,2.2,ongoing,2024-09-01 09:34:55.118898624
OUT_00537,STU_0196,INT_0068,rejected,4.5,completed,2024-09-01 20:32:44.455569460
OUT_00538,STU_0086,INT_0169,dropped,3.5,completed,2024-09-02 07:30:33.792240300
OUT_00539,STU_0062,INT_0113,applied,2.7,completed,2024-09-02 18:28:23.128911140
OUT_00540,STU_0494,INT_0050,selected,3.6,completed,2024-09-03 05:26:12.465581976
OUT_00541,STU_0357,INT_0195,shortlisted,4.0,completed,2024-09-03 16:24:01.802252816
OUT_00542,STU_0393,INT_0068,rejected,1.3,dropped,2024-09-04 03:21:51.138923652
OUT_00543,STU_0008,INT_0045,rejected,1.3,dropped,2024-09-04 14:19:40.475594492
OUT_00544,STU_0174,INT_0047,applied,2.4,completed,2024-09-05 01:17:29.812265332
OUT_00545,STU_0406,INT_0021,selected,3.4,ongoing,2024-09-05 12:15:19.148936168
OUT_00546,STU_0132,INT_0055,selected,1.4,completed,2024-09-05 23:13:08.485607008
OUT_00547,STU_0429,INT_0067,rejected,4.8,completed,2024-09-06 10:10:57.822277848
OUT_00548,STU_0439,INT_0105,selected,3.5,completed,2024-09-06 21:08:47.158948684
OUT_00549,STU_0153,INT_0145,applied,3.4,dropped,2024-09-07 08:06:36.495619524
OUT_00550,STU_0467,INT_0124,shortlisted,2.8,completed,2024-09-07 19:04:25.832290364
OUT_00551,STU_0355,INT_0168,shortlisted,2.8,completed,2024-09-08 06:02:15.168961200
OUT_00552,STU_0177,INT_0141,selected,4.4,completed,2024-09-08 17:00:04.505632040
OUT_00553,STU_0136,INT_0043,rejected,2.1,completed,2024-09-09 03:57:53.842302876
OUT_00554,STU_0245,INT_0177,applied,2.6,completed,2024-09-09 14:55:43.178973716
OUT_00555,STU_0233,INT_0009,rejected,2.1,ongoing,2024-09-10 01:53:32.515644556
OUT_00556,STU_0277,INT_0051,rejected,3.3,completed,2024-09-10 12:51:21.852315392
OUT_00557,STU_0192,INT_0011,applied,2.8,dropped,2024-09-10 23:49:11.188986232
OUT_00558,STU_0045,INT_0001,shortlisted,3.9,ongoing,2024-09-11 10:47:00.525657072
OUT_00559,STU_0445,INT_0109,selected,2.2,ongoing,2024-09-11 21:44:49.862327908
OUT_00560,STU_0103,INT_0197,applied,3.5,completed,2024-09-12 08:42:39.198998748
OUT_00561,STU_0493,INT_0175,applied,3.4,completed,2024-09-12 19:40:28.535669588
OUT_00562,STU_0450,INT_0068,shortlisted,2.8,completed,2024-09-13 06:38:17.872340424
OUT_00563,STU_0147,INT_0156,selected,4.6,completed,2024-09-13 17:36:07.209011264
OUT_00564,STU_0243,INT_0143,rejected,2.7,completed,2024-09-14 04:33:56.545682100
OUT_00565,STU_0202,INT_0194,rejected,3.4,completed,2024-09-14 15:31:45.882352940
OUT_00566,STU_0051,INT_0118,applied,1.6,completed,2024-09-15 02:29:35.219023780
OUT_00567,STU_0454,INT_0155,rejected,3.1,ongoing,2024-09-15 13:27:24.555694616
OUT_00568,STU_0350,INT_0040,rejected,3.8,completed,2024-09-16 00:25:13.892365456
OUT_00569,STU_0235,INT_0065,applied,2.6,dropped,2024-09-16 11:23:03.229036296
OUT_00570,STU_0062,INT_0049,applied,2.9,ongoing,2024-09-16 22:20:52.565707132
OUT_00571,STU_0294,INT_0028,shortlisted,4.4,completed,2024-09-17 09:18:41.902377972
OUT_00572,STU_0429,INT_0119,selected,4.4,completed,2024-09-17 20:16:31.239048812
OUT_00573,STU_0364,INT_0098,shortlisted,2.8,completed,2024-09-18 07:14:20.575719648
OUT_00574,STU_0041,INT_0063,applied,4.6,completed,2024-09-18 18:12:09.912390488
OUT_00575,STU_0313,INT_0118,rejected,3.8,completed,2024-09-19 05:09:59.249061324
OUT_00576,STU_0440,INT_0156,shortlisted,1.6,ongoing,2024-09-19 16:07:48.585732164
OUT_00577,STU_0193,INT_0047,applied,1.1,completed,2024-09-20 03:05:37.922403004
OUT_00578,STU_0476,INT_0163,shortlisted,1.3,completed,2024-09-20 14:03:27.259073840
OUT_00579,STU_0305,INT_0113,rejected,3.4,completed,2024-09-21 01:01:16.595744680
OUT_00580,STU_0116,INT_0184,dropped,2.8,completed,2024-09-21 11:59:05.932415520
OUT_00581,STU_0365,INT_0178,shortlisted,1.1,completed,2024-09-21 22:56:55.269086356
OUT_00582,STU_0075,INT_0045,shortlisted,1.2,completed,2024-09-22 09:54:44.605757196
OUT_00583,STU_0448,INT_0051,applied,4.0,completed,2024-09-22 20:52:33.942428036
OUT_00584,STU_0030,INT_0170,dropped,1.5,dropped,2024-09-23 07:50:23.279098872
OUT_00585,STU_0357,INT_0035,rejected,3.4,ongoing,2024-09-23 18:48:12.615769712
OUT_00586,STU_0369,INT_0029,applied,4.8,completed,2024-09-24 05:46:01.952440548
OUT_00587,STU_0109,INT_0022,selected,1.6,completed,2024-09-24 16:43:51.289111388
OUT_00588,STU_0162,INT_0109,rejected,4.3,completed,2024-09-25 03:41:40.625782228
OUT_00589,STU_0042,INT_0098,applied,1.8,completed,2024-09-25 14:39:29.962453064
OUT_00590,STU_0430,INT_0127,applied,4.9,completed,2024-09-26 01:37:19.299123904
OUT_00591,STU_0499,INT_0129,selected,1.6,completed,2024-09-26 12:35:08.635794744
OUT_00592,STU_0111,INT_0098,shortlisted,2.6,dropped,2024-09-26 23:32:57.972465580
OUT_00593,STU_0252,INT_0082,selected,3.3,completed,2024-09-27 10:30:47.309136420
OUT_00594,STU_0165,INT_0085,applied,4.4,ongoing,2024-09-27 21:28:36.645807260
OUT_00595,STU_0374,INT_0147,applied,3.4,completed,2024-09-28 08:26:25.982478096
OUT_00596,STU_0310,INT_0173,shortlisted,1.2,ongoing,2024-09-28 19:24:15.319148936
OUT_00597,STU_0487,INT_0005,rejected,2.1,ongoing,2024-09-29 06:22:04.655819772
OUT_00598,STU_0012,INT_0070,applied,2.9,dropped,2024-09-29 17:19:53.992490612
OUT_00599,STU_0236,INT_0052,rejected,3.4,completed,2024-09-30 04:17:43.329161452
OUT_00600,STU_0102,INT_0075,applied,4.0,completed,2024-09-30 15:15:32.665832288
OUT_00601,STU_0203,INT_0192,shortlisted,3.3,ongoing,2024-10-01 02:13:22.002503128
OUT_00602,STU_0462,INT_0082,shortlisted,3.4,completed,2024-10-01 13:11:11.339173968
OUT_00603,STU_0391,INT_0109,shortlisted,5.0,completed,2024-10-02 00:09:00.675844804
OUT_00604,STU_0429,INT_0081,selected,2.2,completed,2024-10-02 11:06:50.012515644
OUT_00605,STU_0063,INT_0038,applied,1.1,dropped,2024-10-02 22:04:39.349186484
OUT_00606,STU_0189,INT_0031,rejected,4.1,dropped,2024-10-03 09:02:28.685857320
OUT_00607,STU_0214,INT_0171,rejected,3.1,completed,2024-10-03 20:00:18.022528160
OUT_00608,STU_0277,INT_0194,shortlisted,3.9,completed,2024-10-04 06:58:07.359198996
OUT_00609,STU_0222,INT_0047,dropped,1.8,dropped,2024-10-04 17:55:56.695869836
OUT_00610,STU_0488,INT_0071,applied,1.2,completed,2024-10-05 04:53:46.032540676
OUT_00611,STU_0037,INT_0001,applied,1.0,dropped,2024-10-05 15:51:35.369211512
OUT_00612,STU_0188,INT_0128,rejected,4.5,ongoing,2024-10-06 02:49:24.705882352
OUT_00613,STU_0191,INT_0104,shortlisted,3.9,completed,2024-10-06 13:47:14.042553192
OUT_00614,STU_0260,INT_0158,applied,2.2,completed,2024-10-07 00:45:03.379224028
OUT_00615,STU_0398,INT_0188,selected,3.8,completed,2024-10-07 11:42:52.715894868
OUT_00616,STU_0083,INT_0123,rejected,3.7,completed,2024-10-07 22:40:42.052565708
OUT_00617,STU_0162,INT_0124,rejected,1.2,completed,2024-10-08 09:38:31.389236544
OUT_00618,STU_0013,INT_0184,applied,1.9,completed,2024-10-08 20:36:20.725907384
OUT_00619,STU_0392,INT_0120,shortlisted,4.6,completed,2024-10-09 07:34:10.062578220
OUT_00620,STU_0053,INT_0039,applied,3.6,dropped,2024-10-09 18:31:59.399249060
OUT_00621,STU_0021,INT_0147,shortlisted,3.6,completed,2024-10-10 05:29:48.735919900
OUT_00622,STU_0337,INT_0183,selected,2.8,completed,2024-10-10 16:27:38.072590736
OUT_00623,STU_0456,INT_0054,applied,3.7,completed,2024-10-11 03:25:27.409261576
OUT_00624,STU_0412,INT_0110,rejected,4.2,completed,2024-10-11 14:23:16.745932416
OUT_00625,STU_0191,INT_0004,applied,4.1,completed,2024-10-12 01:21:06.082603252
OUT_00626,STU_0119,INT_0159,applied,1.5,completed,2024-10-12 12:18:55.419274092
OUT_00627,STU_0075,INT_0105,rejected,2.3,completed,2024-10-12 23:16:44.755944932
OUT_00628,STU_0349,INT_0154,rejected,3.4,ongoing,2024-10-13 10:14:34.092615768
OUT_00629,STU_0088,INT_0050,shortlisted,2.4,dropped,2024-10-13 21:12:23.429286608
OUT_00630,STU_0320,INT_0157,dropped,4.3,completed,2024-10-14 08:10:12.765957444
OUT_00631,STU_0137,INT_0155,rejected,3.3,dropped,2024-10-14 19:08:02.102628284
OUT_00632,STU_0307,INT_0141,shortlisted,2.5,dropped,2024-10-15 06:05:51.439299124
OUT_00633,STU_0179,INT_0165,applied,1.2,completed,2024-10-15 17:03:40.775969960
OUT_00634,STU_0316,INT_0120,rejected,1.6,completed,2024-10-16 04:01:30.112640800
OUT_00635,STU_0235,INT_0013,applied,2.1,completed,2024-10-16 14:59:19.449311640
OUT_00636,STU_0452,INT_0175,dropped,2.1,completed,2024-10-17 01:57:08.785982476
OUT_00637,STU_0211,INT_0140,dropped,1.4,completed,2024-10-17 12:54:58.122653316
OUT_00638,STU_0359,INT_0028,rejected,2.9,completed,2024-10-17 23:52:47.459324156
OUT_00639,STU_0256,INT_0105,applied,4.1,completed,2024-10-18 10:50:36.795994992
OUT_00640,STU_0397,INT_0100,rejected,1.8,completed,2024-10-18 21:48:26.132665832
OUT_00641,STU_0459,INT_0054,rejected,1.9,completed,2024-10-19 08:46:15.469336672
OUT_00642,STU_0173,INT_0162,shortlisted,4.7,completed,2024-10-19 19:44:04.806007508
OUT_00643,STU_0003,INT_0028,dropped,1.2,completed,2024-10-20 06:41:54.142678348
OUT_00644,STU_0310,INT_0182,selected,1.3,completed,2024-10-20 17:39:43.479349184
OUT_00645,STU_0013,INT_0057,rejected,4.1,completed,2024-10-21 04:37:32.816020024
OUT_00646,STU_0303,INT_0053,rejected,2.0,dropped,2024-10-21 15:35:22.152690864
OUT_00647,STU_0258,INT_0081,applied,2.7,completed,2024-10-22 02:33:11.489361700
OUT_00648,STU_0111,INT_0102,selected,3.4,completed,2024-10-22 13:31:00.826032540
OUT_00649,STU_0171,INT_0153,dropped,3.1,completed,2024-10-23 00:28:50.162703380
OUT_00650,STU_0340,INT_0119,rejected,4.1,completed,2024-10-23 11:26:39.499374216
OUT_00651,STU_0186,INT_0027,selected,1.3,completed,2024-10-23 22:24:28.836045056
OUT_00652,STU_0233,INT_0162,applied,2.7,completed,2024-10-24 09:22:18.172715896
OUT_00653,STU_0153,INT_0033,rejected,1.9,completed,2024-10-24 20:20:07.509386732
OUT_00654,STU_0012,INT_0016,selected,3.7,completed,2024-10-25 07:17:56.846057572
OUT_00655,STU_0228,INT_0111,rejected,3.2,ongoing,2024-10-25 18:15:46.182728408
OUT_00656,STU_0471,INT_0200,applied,1.6,ongoing,2024-10-26 05:13:35.519399248
OUT_00657,STU_0413,INT_0157,applied,2.9,ongoing,2024-10-26 16:11:24.856070088
OUT_00658,STU_0471,INT_0172,applied,4.8,dropped,2024-10-27 03:09:14.192740924
OUT_00659,STU_0133,INT_0056,dropped,3.2,dropped,2024-10-27 14:07:03.529411764
OUT_00660,STU_0028,INT_0022,shortlisted,1.9,completed,2024-10-28 01:04:52.866082604
OUT_00661,STU_0362,INT_0185,selected,4.1,completed,2024-10-28 12:02:42.202753440
OUT_00662,STU_0267,INT_0181,selected,4.6,completed,2024-10-28 23:00:31.539424280
OUT_00663,STU_0459,INT_0065,shortlisted,4.7,completed,2024-10-29 09:58:20.876095120
OUT_00664,STU_0188,INT_0057,rejected,3.8,completed,2024-10-29 20:56:10.212765956
OUT_00665,STU_0241,INT_0114,applied,3.5,completed,2024-10-30 07:53:59.549436796
OUT_00666,STU_0054,INT_0161,dropped,3.1,completed,2024-10-30 18:51:48.886107632
OUT_00667,STU_0061,INT_0122,rejected,1.3,completed,2024-10-31 05:49:38.222778472
OUT_00668,STU_0086,INT_0190,shortlisted,3.2,completed,2024-10-31 16:47:27.559449312
OUT_00669,STU_0222,INT_0003,applied,2.8,completed,2024-11-01 03:45:16.896120148
OUT_00670,STU_0235,INT_0108,rejected,4.9,ongoing,2024-11-01 14:43:06.232790988
OUT_00671,STU_0011,INT_0095,applied,4.8,completed,2024-11-02 01:40:55.569461828
OUT_00672,STU_0355,INT_0048,shortlisted,4.8,completed,2024-11-02 12:38:44.906132664
OUT_00673,STU_0332,INT_0139,shortlisted,4.7,completed,2024-11-02 23:36:34.242803504
OUT_00674,STU_0358,INT_0118,applied,1.1,ongoing,2024-11-03 10:34:23.579474344
OUT_00675,STU_0285,INT_0059,shortlisted,3.8,completed,2024-11-03 21:32:12.916145180
OUT_00676,STU_0336,INT_0194,dropped,2.6,ongoing,2024-11-04 08:30:02.252816020
OUT_00677,STU_0478,INT_0096,shortlisted,1.9,completed,2024-11-04 19:27:51.589486856
OUT_00678,STU_0081,INT_0187,dropped,4.1,ongoing,2024-11-05 06:25:40.926157696
OUT_00679,STU_0044,INT_0137,rejected,4.1,completed,2024-11-05 17:23:30.262828536
OUT_00680,STU_0156,INT_0170,rejected,1.2,ongoing,2024-11-06 04:21:19.599499372
OUT_00681,STU_0360,INT_0066,selected,4.2,completed,2024-11-06 15:19:08.936170212
OUT_00682,STU_0155,INT_0121,shortlisted,4.6,completed,2024-11-07 02:16:58.272841052
OUT_00683,STU_0228,INT_0009,applied,5.0,dropped,2024-11-07 13:14:47.609511888
OUT_00684,STU_0129,INT_0160,selected,2.9,completed,2024-11-08 00:12:36.946182728
OUT_00685,STU_0404,INT_0117,applied,1.2,completed,2024-11-08 11:10:26.282853568
OUT_00686,STU_0346,INT_0017,rejected,2.0,completed,2024-11-08 22:08:15.619524404
OUT_00687,STU_0091,INT_0082,rejected,2.0,completed,2024-11-09 09:06:04.956195244
OUT_00688,STU_0365,INT_0148,applied,3.0,completed,2024-11-09 20:03:54.292866080
OUT_00689,STU_0105,INT_0133,applied,1.7,ongoing,2024-11-10 07:01:43.629536920
OUT_00690,STU_0237,INT_0169,dropped,3.3,completed,2024-11-10 17:59:32.966207760
OUT_00691,STU_0435,INT_0149,selected,4.0,completed,2024-11-11 04:57:22.302878596
OUT_00692,STU_0188,INT_0199,rejected,4.8,ongoing,2024-11-11 15:55:11.639549436
OUT_00693,STU_0405,INT_0132,rejected,4.6,completed,2024-11-12 02:53:00.976220276
OUT_00694,STU_0109,INT_0136,applied,2.3,ongoing,2024-11-12 13:50:50.312891112
OUT_00695,STU_0412,INT_0068,applied,4.5,completed,2024-11-13 00:48:39.649561952
OUT_00696,STU_0367,INT_0024,rejected,1.2,ongoing,2024-11-13 11:46:28.986232792
OUT_00697,STU_0477,INT_0024,shortlisted,4.3,completed,2024-11-13 22:44:18.322903628
OUT_00698,STU_0433,INT_0181,applied,2.7,completed,2024-11-14 09:42:07.659574468
OUT_00699,STU_0254,INT_0181,rejected,1.0,completed,2024-11-14 20:39:56.996245304
OUT_00700,STU_0054,INT_0070,applied,4.9,completed,2024-11-15 07:37:46.332916144
OUT_00701,STU_0422,INT_0085,shortlisted,1.9,completed,2024-11-15 18:35:35.669586984
OUT_00702,STU_0303,INT_0196,dropped,1.9,completed,2024-11-16 05:33:25.006257820
OUT_00703,STU_0239,INT_0169,rejected,2.7,completed,2024-11-16 16:31:14.342928660
OUT_00704,STU_0190,INT_0101,rejected,4.3,completed,2024-11-17 03:29:03.679599500
OUT_00705,STU_0382,INT_0123,dropped,2.6,completed,2024-11-17 14:26:53.016270336
OUT_00706,STU_0022,INT_0054,selected,3.6,completed,2024-11-18 01:24:42.352941176
OUT_00707,STU_0287,INT_0170,rejected,1.7,ongoing,2024-11-18 12:22:31.689612016
OUT_00708,STU_0009,INT_0139,selected,2.9,completed,2024-11-18 23:20:21.026282852
OUT_00709,STU_0048,INT_0180,selected,1.5,completed,2024-11-19 10:18:10.362953692
OUT_00710,STU_0241,INT_0065,rejected,1.7,dropped,2024-11-19 21:15:59.699624528
OUT_00711,STU_0383,INT_0088,applied,1.7,completed,2024-11-20 08:13:49.036295368
OUT_00712,STU_0198,INT_0001,applied,1.5,ongoing,2024-11-20 19:11:38.372966208
OUT_00713,STU_0313,INT_0081,applied,1.2,completed,2024-11-21 06:09:27.709637044
OUT_00714,STU_0070,INT_0006,rejected,1.6,completed,2024-11-21 17:07:17.046307884
OUT_00715,STU_0049,INT_0076,rejected,2.7,completed,2024-11-22 04:05:06.382978724
OUT_00716,STU_0337,INT_0195,shortlisted,3.0,completed,2024-11-22 15:02:55.719649560
OUT_00717,STU_0452,INT_0146,applied,4.1,completed,2024-11-23 02:00:45.056320400
OUT_00718,STU_0078,INT_0058,selected,4.4,completed,2024-11-23 12:58:34.392991240
OUT_00719,STU_0216,INT_0059,selected,3.8,completed,2024-11-23 23:56:23.729662076
OUT_00720,STU_0168,INT_0083,shortlisted,2.2,completed,2024-11-24 10:54:13.066332916
OUT_00721,STU_0488,INT_0013,dropped,3.9,dropped,2024-11-24 21:52:02.403003752
OUT_00722,STU_0080,INT_0123,rejected,4.2,completed,2024-11-25 08:49:51.739674592
OUT_00723,STU_0428,INT_0151,shortlisted,4.3,completed,2024-11-25 19:47:41.076345432
OUT_00724,STU_0328,INT_0007,shortlisted,4.7,ongoing,2024-11-26 06:45:30.413016268
OUT_00725,STU_0083,INT_0179,applied,3.7,completed,2024-11-26 17:43:19.749687108
OUT_00726,STU_0113,INT_0012,applied,2.2,completed,2024-11-27 04:41:09.086357948
OUT_00727,STU_0401,INT_0134,shortlisted,3.9,completed,2024-11-27 15:38:58.423028784
OUT_00728,STU_0118,INT_0120,rejected,2.1,completed,2024-11-28 02:36:47.759699624
OUT_00729,STU_0019,INT_0197,applied,1.8,completed,2024-11-28 13:34:37.096370464
OUT_00730,STU_0289,INT_0141,rejected,3.9,completed,2024-11-29 00:32:26.433041300
OUT_00731,STU_0215,INT_0147,rejected,3.4,dropped,2024-11-29 11:30:15.769712140
OUT_00732,STU_0280,INT_0082,dropped,4.7,completed,2024-11-29 22:28:05.106382976
OUT_00733,STU_0062,INT_0157,dropped,1.4,completed,2024-11-30 09:25:54.443053816
OUT_00734,STU_0412,INT_0062,selected,1.8,completed,2024-11-30 20:23:43.779724656
OUT_00735,STU_0433,INT_0177,shortlisted,2.1,completed,2024-12-01 07:21:33.116395492
OUT_00736,STU_0345,INT_0035,applied,2.1,completed,2024-12-01 18:19:22.453066332
OUT_00737,STU_0022,INT_0154,selected,1.3,completed,2024-12-02 05:17:11.789737172
OUT_00738,STU_0230,INT_0020,applied,1.4,completed,2024-12-02 16:15:01.126408008
OUT_00739,STU_0084,INT_0111,selected,3.6,ongoing,2024-12-03 03:12:50.463078848
OUT_00740,STU_0134,INT_0027,rejected,3.8,completed,2024-12-03 14:10:39.799749688
OUT_00741,STU_0233,INT_0187,applied,3.4,ongoing,2024-12-04 01:08:29.136420524
OUT_00742,STU_0065,INT_0083,applied,1.6,dropped,2024-12-04 12:06:18.473091364
OUT_00743,STU_0150,INT_0179,rejected,1.8,completed,2024-12-04 23:04:07.809762200
OUT_00744,STU_0098,INT_0158,rejected,2.6,completed,2024-12-05 10:01:57.146433040
OUT_00745,STU_0068,INT_0007,applied,2.8,dropped,2024-12-05 20:59:46.483103880
OUT_00746,STU_0420,INT_0073,rejected,1.8,completed,2024-12-06 07:57:35.819774716
OUT_00747,STU_0176,INT_0166,applied,1.0,completed,2024-12-06 18:55:25.156445556
OUT_00748,STU_0419,INT_0085,dropped,2.7,completed,2024-12-07 05:53:14.493116396
OUT_00749,STU_0093,INT_0123,rejected,1.0,completed,2024-12-07 16:51:03.829787232
OUT_00750,STU_0273,INT_0043,selected,2.0,ongoing,2024-12-08 03:48:53.166458072
OUT_00751,STU_0168,INT_0039,applied,4.5,ongoing,2024-12-08 14:46:42.503128912
OUT_00752,STU_0047,INT_0063,shortlisted,1.1,completed,2024-12-09 01:44:31.839799748
OUT_00753,STU_0290,INT_0040,shortlisted,2.7,completed,2024-12-09 12:42:21.176470588
OUT_00754,STU_0161,INT_0075,selected,2.5,completed,2024-12-09 23:40:10.513141424
OUT_00755,STU_0338,INT_0038,shortlisted,3.0,completed,2024-12-10 10:37:59.849812264
OUT_00756,STU_0174,INT_0131,selected,4.0,ongoing,2024-12-10 21:35:49.186483104
OUT_00757,STU_0238,INT_0008,applied,2.5,dropped,2024-12-11 08:33:38.523153940
OUT_00758,STU_0390,INT_0107,selected,2.1,completed,2024-12-11 19:31:27.859824780
OUT_00759,STU_0182,INT_0037,rejected,4.1,completed,2024-12-12 06:29:17.196495620
OUT_00760,STU_0445,INT_0058,applied,3.8,completed,2024-12-12 17:27:06.533166456
OUT_00761,STU_0420,INT_0114,selected,4.7,completed,2024-12-13 04:24:55.869837296
OUT_00762,STU_0354,INT_0063,applied,2.8,completed,2024-12-13 15:22:45.206508136
OUT_00763,STU_0260,INT_0135,applied,3.0,dropped,2024-12-14 02:20:34.543178972
OUT_00764,STU_0207,INT_0129,rejected,2.6,completed,2024-12-14 13:18:23.879849812
OUT_00765,STU_0385,INT_0102,applied,1.6,completed,2024-12-15 00:16:13.216520648
OUT_00766,STU_0202,INT_0092,rejected,4.5,ongoing,2024-12-15 11:14:02.553191488
OUT_00767,STU_0084,INT_0083,applied,2.2,completed,2024-12-15 22:11:51.889862328
OUT_00768,STU_0444,INT_0027,selected,3.1,completed,2024-12-16 09:09:41.226533164
OUT_00769,STU_0319,INT_0122,rejected,4.2,completed,2024-12-16 20:07:30.563204004
OUT_00770,STU_0032,INT_0055,dropped,2.3,completed,2024-12-17 07:05:19.899874844
OUT_00771,STU_0362,INT_0058,dropped,4.5,completed,2024-12-17 18:03:09.236545680
OUT_00772,STU_0137,INT_0006,selected,3.0,completed,2024-12-18 05:00:58.573216520
OUT_00773,STU_0118,INT_0005,rejected,4.4,ongoing,2024-12-18 15:58:47.909887360
OUT_00774,STU_0451,INT_0158,shortlisted,3.4,completed,2024-12-19 02:56:37.246558196
OUT_00775,STU_0165,INT_0087,applied,3.8,completed,2024-12-19 13:54:26.583229036
OUT_00776,STU_0407,INT_0045,applied,1.0,ongoing,2024-12-20 00:52:15.919899872
OUT_00777,STU_0134,INT_0108,selected,1.6,completed,2024-12-20 11:50:05.256570712
OUT_00778,STU_0209,INT_0126,applied,4.6,completed,2024-12-20 22:47:54.593241552
OUT_00779,STU_0138,INT_0115,applied,3.1,completed,2024-12-21 09:45:43.929912388
OUT_00780,STU_0206,INT_0167,applied,2.6,completed,2024-12-21 20:43:33.266583228
OUT_00781,STU_0399,INT_0126,dropped,3.5,completed,2024-12-22 07:41:22.603254068
OUT_00782,STU_0175,INT_0033,shortlisted,3.2,completed,2024-12-22 18:39:11.939924904
OUT_00783,STU_0175,INT_0193,applied,2.3,completed,2024-12-23 05:37:01.276595744
OUT_00784,STU_0385,INT_0162,applied,4.8,completed,2024-12-23 16:34:50.613266584
OUT_00785,STU_0245,INT_0064,dropped,2.8,dropped,2024-12-24 03:32:39.949937420
OUT_00786,STU_0017,INT_0071,applied,4.1,completed,2024-12-24 14:30:29.286608260
OUT_00787,STU_0314,INT_0049,dropped,4.1,completed,2024-12-25 01:28:18.623279096
OUT_00788,STU_0171,INT_0025,rejected,2.6,ongoing,2024-12-25 12:26:07.959949936
OUT_00789,STU_0491,INT_0160,rejected,4.5,ongoing,2024-12-25 23:23:57.296620776
OUT_00790,STU_0073,INT_0120,rejected,2.9,ongoing,2024-12-26 10:21:46.633291612
OUT_00791,STU_0425,INT_0108,shortlisted,4.2,completed,2024-12-26 21:19:35.969962452
OUT_00792,STU_0339,INT_0147,rejected,4.5,completed,2024-12-27 08:17:25.306633292
OUT_00793,STU_0181,INT_0174,shortlisted,4.2,dropped,2024-12-27 19:15:14.643304128
OUT_00794,STU_0048,INT_0194,applied,4.5,completed,2024-12-28 06:13:03.979974968
OUT_00795,STU_0185,INT_0104,dropped,1.3,completed,2024-12-28 17:10:53.316645808
OUT_00796,STU_0173,INT_0082,shortlisted,4.2,completed,2024-12-29 04:08:42.653316644
OUT_00797,STU_0448,INT_0123,applied,2.8,completed,2024-12-29 15:06:31.989987484
OUT_00798,STU_0206,INT_0064,selected,3.8,completed,2024-12-30 02:04:21.326658320
OUT_00799,STU_0060,INT_0116,applied,2.4,dropped,2024-12-30 13:02:10.663329160
OUT_00800,STU_0414,INT_0130,rejected,2.9,completed,2024-12-31 00:00:00.000000000
